{
    "costs": {
        "CO2_costs_chp_1": 12497376.99,
        "CO2_costs_chp_2": 11227002.08,
        "gas_costs": 19782807.07,
        "power_costs": -42514017.74,
        "hydrogen_costs": 0.0,
        "total": 993168.3999999985
    },
    "revenue": {
        "heat_revenue": 0.0,
        "total": 0.0
    },
    "solver_objective": 993168.41,
    "net_total": 993168.3999999985,
    "validation": {
        "discrepancy": 0.01,
        "discrepancy_percent": 0.0
    }
}