{
    "costs": {
        "CO2_costs_chp_1": 12041995.76,
        "CO2_costs_chp_2": 11811039.22,
        "gas_costs": 19895112.05,
        "power_costs": -42791221.55,
        "hydrogen_costs": 0.0,
        "total": 956925.4800000042
    },
    "revenue": {
        "heat_revenue": 0.0,
        "total": 0.0
    },
    "solver_objective": 956925.47,
    "net_total": 956925.4800000042,
    "validation": {
        "discrepancy": 0.01,
        "discrepancy_percent": 0.0
    }
}