{
    "costs": {
        "CO2_costs_chp_1": 12184441.53,
        "CO2_costs_chp_2": 11703765.43,
        "gas_costs": 19921859.78,
        "power_costs": -42685062.19,
        "hydrogen_costs": 0.0,
        "total": 1125004.5500000026
    },
    "revenue": {
        "heat_revenue": 0.0,
        "total": 0.0
    },
    "solver_objective": 1125004.56,
    "net_total": 1125004.5500000026,
    "validation": {
        "discrepancy": 0.01,
        "discrepancy_percent": 0.0
    }
}