{
    "costs": {
        "CO2_costs_chp_1": 9264484.77,
        "CO2_costs_chp_2": 9092896.67,
        "gas_costs": 19937203.77,
        "power_costs": -42819027.29,
        "hydrogen_costs": 0.0,
        "total": -4524442.080000006
    },
    "revenue": {
        "heat_revenue": 0.0,
        "total": 0.0
    },
    "solver_objective": -4524442.09,
    "net_total": -4524442.080000006,
    "validation": {
        "discrepancy": 0.01,
        "discrepancy_percent": -0.0
    }
}