{
    "costs": {
        "CO2_costs_chp_1": 12171544.96,
        "CO2_costs_chp_2": 11720556.05,
        "gas_costs": 19927006.96,
        "power_costs": -42859747.21,
        "hydrogen_costs": 0.0,
        "total": 959360.7600000016
    },
    "revenue": {
        "heat_revenue": 0.0,
        "total": 0.0
    },
    "solver_objective": 959360.75,
    "net_total": 959360.7600000016,
    "validation": {
        "discrepancy": 0.01,
        "discrepancy_percent": 0.0
    }
}