{
    "costs": {
        "CO2_costs_chp_1": 15765758.61,
        "CO2_costs_chp_2": 15130945.4,
        "gas_costs": 18144025.65,
        "power_costs": -53463247.5,
        "hydrogen_costs": 0.0,
        "total": -4422517.840000002
    },
    "revenue": {
        "heat_revenue": 0.0,
        "total": 0.0
    },
    "solver_objective": -4422517.83,
    "net_total": -4422517.840000002,
    "validation": {
        "discrepancy": 0.01,
        "discrepancy_percent": -0.0
    }
}