{
    "costs": {
        "CO2_costs_chp_1": 9267114.75,
        "CO2_costs_chp_2": 9125454.24,
        "gas_costs": 18234680.94,
        "power_costs": -53498534.77,
        "hydrogen_costs": 0.0,
        "total": -16871284.839999996
    },
    "revenue": {
        "heat_revenue": 0.0,
        "total": 0.0
    },
    "solver_objective": -16871284.84,
    "net_total": -16871284.839999996,
    "validation": {
        "discrepancy": 0.0,
        "discrepancy_percent": -0.0
    }
}