{
    "chp_1": [
        0.09019607843,
        0.2431372549,
        0.431372549,
        1.0
    ],
    "chp_2": [
        0.5803921569,
        0.7803921569,
        0.9254901961,
        1.0
    ],
    "chp_1.waste_heat": [
        0.75, 
        0.35, 
        0.15, 
        1.0
    ],
    "chp_2.waste_heat": [
        0.85, 
        0.55, 
        0.3, 
        1.0
    ],
    "solar_thermal": [
        0.9607843137,
        0.768627451,
        0.262745098,
        1.0
    ],
    "pv": [
        0.9764705882,
        0.862745098,
        0.537254902,
        1.0
    ],
    "heat_storage.heat_charging": [
        0.8392156863,
        0.5254901961,
        0.4862745098,
        1.0
    ],
    "heat_storage.heat_discharging": [
        0.8392156863,
        0.5254901961,
        0.4862745098,
        1.0
    ],
    "battery_storage.power_charging": [
        0.9607843137254902,
        0.7686274509803922,
        0.2627450980392157,
        1.0
    ],
    "battery_storage.power_discharging": [
        0.9764705882352941,
        0.8666666666666667,
        0.5411764705882353,
        1.0
    ],
    "balance": [
        0.3,
        0.3,
        0.3,
        1.0
    ],
    "heatpump_2": [
        0.4431372549,
        0.6156862745,
        0.231372549,
        1.0
    ],
    "local_heat_storage.heat_charging": [
        0.4431372549,
        0.6156862745,
        0.231372549,
        1.0
    ],
    "local_heat_storage.heat_discharging": [
        0.8392156863,
        0.5254901961,
        0.4862745098,
        1.0
    ],
    "local_heat_demand": [
        0.8156862745,
        0.1725490196,
        0.1411764706,
        1.0
    ],
    "heat_demand": [
        0.8156862745,
        0.1725490196,
        0.1411764706,
        1.0
    ],
    "local_heat_storage.excess_heat_discharging": [
        0.8156862745,
        0.1725490196,
        0.1411764706,
        1.0
    ],
    "heatpump_s2": [
        0.4431372549,
        0.6156862745,
        0.231372549,
        1.0
    ],
    "local_heat_storage.heat_balance": [
        0.7999666666666666,
        0.9777666666666667,
        0.0,
        1.0
    ],
    "local_heat_grid.district_heat_feedin": [
        0.6528,
        0.1384,
        0.1128,
        1.0
    ],
    "local_heat_storage_discharging": [
        0.8928372549019608,
        0.0,
        0.0,
        1.0
    ],
    "heatpump_s1": [
        0.8470588235,
        0.9215686275,
        0.8,
        1.0
    ],
    "heat_grid.excess_heat_feedin": [
        0.9764705882,
        0.862745098,
        0.537254902,
        1.0
    ],
    "geo_heat_storage.heat_charging": [
        0.4287313725490196,
        0.0,
        0.613078431372549,
        1.0
    ],
    "geo_heat_storage.heat_content": [
        0.65723,
        0.4,
        0.7679,
        1.0
    ],
    "geo_heat_storage.heat_discharging": [
        0.54296,
        0.2,
        0.6905,
        1.0
    ],
    "heat_storage.heat_content": [
        0.5803921569,
        0.7803921569,
        0.9254901961,
        1.0
    ],
    "stratified_storage.Q_dot_Z1_NW": [
        0.839,
        0.525,
        0.486,
        1.0
    ],
    "stratified_storage.Q_dot_Z2_NW": [
        0.827,
        0.349,
        0.314,
        1.0
    ],
    "stratified_storage.Q_dot_Z1_FW": [
        0.6528,
        0.1384,
        0.1128,
        1.0
    ],
    "gas_price": [
        0.5843137255,
        0.3254901961,
        0.2784313725,
        1.0
    ],
    "power_price": [
        0.85,
        0.2,
        0.45,
        1.0
    ],
    "CO₂_price": [
        0.3882352941, 
        0.8470588235,
        0.2509803922,
        1.0
    ],
    "CSS": [
        0.2, 
        0.6, 
        1.0, 
        1.0
    ],
    "hydrogen_price": [
        0.5960784314,
        0.9607843137,
        1.0,
        1.0
    ],
    "0 % H₂": [
        0.6675, 
        0.4604, 
        0.4227, 
        1.0
    ],
    
    "30 % H₂": [
        1.0, 
        0.85, 
        0.0, 
        1.0
        ],
    
    "50 % H₂": [
        0.774, 
        0.790, 
        0.375, 
        1.0
        
        ],
    "100 % H₂": [
        0.548, 
        0.730, 
        0.75, 
        1.0
        ],
    "css_0h2":[
       1.0, 
       0.6, 
       0.0, 
       1.0
    ],
    "css_100h2":[
        0.0, 
        0.6, 
        0.6, 
        1.0
    ],
    "waste_heat_grid.heat_feedin": [
        0.573, 
        0.0, 
        0.137, 
        0.6
    ],
    "waste_heat_grid.heat_supply": [
        0.671, 
        0.2, 
        0.243, 
        1.0
    ],
    "waste_heat_grid.heat_dissipation": [
       1.0, 
       0.439, 
       0.439, 
       1.0
    ]


}
