{
    "costs": {
        "CO2_costs_chp_1": 23282413.45,
        "CO2_costs_chp_2": 23533087.12,
        "gas_costs": 19514718.07,
        "power_costs": -41169204.37,
        "hydrogen_costs": 0.0,
        "total": 25161014.270000003
    },
    "revenue": {
        "heat_revenue": 0.0,
        "total": 0.0
    },
    "solver_objective": 25161014.27,
    "net_total": 25161014.270000003,
    "validation": {
        "discrepancy": 0.0,
        "discrepancy_percent": 0.0
    }
}