{
    "costs": {
        "CO2_costs_chp_1": 216319.35,
        "CO2_costs_chp_2": 212800.54,
        "gas_costs": 1462192.63,
        "power_costs": -2042862.55,
        "hydrogen_costs": 3996296.21,
        "total": 3844746.1799999997
    },
    "revenue": {
        "heat_revenue": 0.0,
        "total": 0.0
    },
    "solver_objective": 3844746.19,
    "net_total": 3844746.1799999997,
    "validation": {
        "discrepancy": 0.01,
        "discrepancy_percent": 0.0
    }
}