{
    "costs": {
        "CO2_costs_chp_1": 9146605.16,
        "CO2_costs_chp_2": 9178343.07,
        "gas_costs": 25460913.94,
        "power_costs": -30715738.4,
        "hydrogen_costs": 0.0,
        "total": 13070123.770000003
    },
    "revenue": {
        "heat_revenue": 0.0,
        "total": 0.0
    },
    "solver_objective": 13070123.77,
    "net_total": 13070123.770000003,
    "validation": {
        "discrepancy": 0.0,
        "discrepancy_percent": 0.0
    }
}