{
    "costs": {
        "CO2_costs_chp_1": 16033592.71,
        "CO2_costs_chp_2": 14794410.26,
        "gas_costs": 18102362.18,
        "power_costs": -53352668.94,
        "hydrogen_costs": 0.0,
        "total": -4422303.789999997
    },
    "revenue": {
        "heat_revenue": 0.0,
        "total": 0.0
    },
    "solver_objective": -4422303.79,
    "net_total": -4422303.789999997,
    "validation": {
        "discrepancy": 0.0,
        "discrepancy_percent": -0.0
    }
}