{
    "costs": {
        "CO2_costs_chp_1": 4125443.3,
        "CO2_costs_chp_2": 4134216.28,
        "gas_costs": 15783908.18,
        "power_costs": -21063970.38,
        "hydrogen_costs": 102546680.41,
        "total": 105526277.78999999
    },
    "revenue": {
        "heat_revenue": 0.0,
        "total": 0.0
    },
    "solver_objective": 105526277.8,
    "net_total": 105526277.78999999,
    "validation": {
        "discrepancy": 0.01,
        "discrepancy_percent": 0.0
    }
}