{
    "costs": {
        "CO2_costs_chp_1": 4131139.84,
        "CO2_costs_chp_2": 4128743.37,
        "gas_costs": 15783723.83,
        "power_costs": -21020461.52,
        "hydrogen_costs": 102545482.74,
        "total": 105568628.25999999
    },
    "revenue": {
        "heat_revenue": 0.0,
        "total": 0.0
    },
    "solver_objective": 105568628.26,
    "net_total": 105568628.25999999,
    "validation": {
        "discrepancy": 0.0,
        "discrepancy_percent": 0.0
    }
}