{
    "costs": {
        "CO2_costs_chp_1": 6351063.98,
        "CO2_costs_chp_2": 6242233.25,
        "gas_costs": 11116727.68,
        "power_costs": -39952030.91,
        "hydrogen_costs": 55450065.57,
        "total": 39208059.57000001
    },
    "revenue": {
        "heat_revenue": 0.0,
        "total": 0.0
    },
    "solver_objective": 39208059.57,
    "net_total": 39208059.57000001,
    "validation": {
        "discrepancy": 0.0,
        "discrepancy_percent": 0.0
    }
}