{
    "costs": {
        "CO2_costs_chp_1": 8153029.92,
        "CO2_costs_chp_2": 8039508.27,
        "gas_costs": 14291262.98,
        "power_costs": -41606124.09,
        "hydrogen_costs": 30550542.22,
        "total": 19428219.299999997
    },
    "revenue": {
        "heat_revenue": 0.0,
        "total": 0.0
    },
    "solver_objective": 19428219.3,
    "net_total": 19428219.299999997,
    "validation": {
        "discrepancy": 0.0,
        "discrepancy_percent": 0.0
    }
}