{
    "costs": {
        "CO2_costs_chp_1": 13934221.35,
        "CO2_costs_chp_2": 13717307.14,
        "gas_costs": 19879631.28,
        "power_costs": -55035727.27,
        "hydrogen_costs": 15648563.07,
        "total": 8143995.569999998
    },
    "revenue": {
        "heat_revenue": 0.0,
        "total": 0.0
    },
    "solver_objective": 8143995.57,
    "net_total": 8143995.569999998,
    "validation": {
        "discrepancy": 0.0,
        "discrepancy_percent": 0.0
    }
}