{
    "costs": {
        "CO2_costs_chp_1": 10559943.75,
        "CO2_costs_chp_2": 10659412.3,
        "gas_costs": 21649255.24,
        "power_costs": -44121987.38,
        "hydrogen_costs": 24700502.77,
        "total": 23447126.679999996
    },
    "revenue": {
        "heat_revenue": 0.0,
        "total": 0.0
    },
    "solver_objective": 23447126.68,
    "net_total": 23447126.679999996,
    "validation": {
        "discrepancy": 0.0,
        "discrepancy_percent": 0.0
    }
}