{
    "costs": {
        "CO2_costs_chp_1": 6408847.59,
        "CO2_costs_chp_2": 6326041.41,
        "gas_costs": 12382521.74,
        "power_costs": -52613042.63,
        "hydrogen_costs": 67303095.46,
        "total": 39807463.56999999
    },
    "revenue": {
        "heat_revenue": 0.0,
        "total": 0.0
    },
    "solver_objective": 39807463.57,
    "net_total": 39807463.56999999,
    "validation": {
        "discrepancy": 0.0,
        "discrepancy_percent": 0.0
    }
}