{
    "costs": {
        "CO2_costs_chp_1": 15619596.56,
        "CO2_costs_chp_2": 15471816.23,
        "gas_costs": 17749103.33,
        "power_costs": -41259780.48,
        "hydrogen_costs": 12821584.95,
        "total": 20402320.590000004
    },
    "revenue": {
        "heat_revenue": 0.0,
        "total": 0.0
    },
    "solver_objective": 20402320.59,
    "net_total": 20402320.590000004,
    "validation": {
        "discrepancy": 0.0,
        "discrepancy_percent": 0.0
    }
}