{
    "costs": {
        "CO2_costs_chp_1": 0.0,
        "CO2_costs_chp_2": 0.0,
        "gas_costs": 0.0,
        "power_costs": -51581419.64,
        "hydrogen_costs": 97363613.4,
        "total": 45782193.760000005
    },
    "revenue": {
        "heat_revenue": 0.0,
        "total": 0.0
    },
    "solver_objective": 45782193.75,
    "net_total": 45782193.760000005,
    "validation": {
        "discrepancy": 0.01,
        "discrepancy_percent": 0.0
    }
}