{
    "chp_1": [
        0.09019607843,
        0.2431372549,
        0.431372549,
        1.0
    ],
    "chp_2": [
        0.5803921569,
        0.7803921569,
        0.9254901961,
        1.0
    ],
    "solar_thermal": [
        0.9607843137,
        0.768627451,
        0.262745098,
        1.0
    ],
    "pv": [
        0.9764705882,
        0.862745098,
        0.537254902,
        1.0
    ],
    "heat_storage.heat_charging": [
        0.8156862745,
        0.1725490196,
        0.1411764706,
        1.0
    ],
    "heat_storage.heat_discharging": [
        0.8392156863,
        0.5254901961,
        0.4862745098,
        1.0
    ],
    "battery_storage.power_charging": [
        0.9607843137254902,
        0.7686274509803922,
        0.2627450980392157,
        1.0
    ],
    "battery_storage.power_discharging": [
        0.9764705882352941,
        0.8666666666666667,
        0.5411764705882353,
        1.0
    ],
    "difference": [
        0.3,
        0.3,
        0.3,
        1.0
    ],
    "heatpump_2": [
        0.4431372549,
        0.6156862745,
        0.231372549,
        1.0
    ],
    "local_heat_storage.heat_charging": [
        0.4431372549,
        0.6156862745,
        0.231372549,
        1.0
    ],
    "local_heat_storage.heat_discharging": [
        0.8392156863,
        0.5254901961,
        0.4862745098,
        1.0
    ],
    "local_heat_demand": [
        0.8156862745,
        0.1725490196,
        0.1411764706,
        1.0
    ],
    "heat_demand": [
        0.8392156863,
        0.5254901961,
        0.4862745098,
        1.0
    ],
    "local_heat_storage.excess_heat_discharging": [
        0.8156862745,
        0.1725490196,
        0.1411764706,
        1.0
    ],
    "heatpump_s2": [
        0.4431372549,
        0.6156862745,
        0.231372549,
        1.0
    ],
    "local_heat_storage.heat_balance": [
        0.7999666666666666,
        0.9777666666666667,
        0.0,
        1.0
    ],
    "local_heat_grid.district_heat_feedin": [
        0.8156862745,
        0.1725490196,
        0.1411764706,
        1.0
    ],
    "local_heat_storage_discharging": [
        0.8928372549019608,
        0.0,
        0.0,
        1.0
    ]
}