{
    "costs": {
        "CO2_costs_chp_1": 12044909.96,
        "CO2_costs_chp_2": 11801649.37,
        "gas_costs": 19890241.65,
        "power_costs": -42784012.57,
        "hydrogen_costs": 0.0,
        "total": 952788.4099999983
    },
    "revenue": {
        "heat_revenue": 0.0,
        "total": 0.0
    },
    "solver_objective": 952788.41,
    "net_total": 952788.4099999983,
    "validation": {
        "discrepancy": 0.0,
        "discrepancy_percent": 0.0
    }
}