{
    "costs": {
        "CO2_costs_chp_1": 0.0,
        "CO2_costs_chp_2": 0.0,
        "gas_costs": 0.0,
        "power_costs": -17389136.14,
        "hydrogen_costs": 144664881.2,
        "total": 127275745.05999999
    },
    "revenue": {
        "heat_revenue": 0.0,
        "total": 0.0
    },
    "solver_objective": 127275745.06,
    "net_total": 127275745.05999999,
    "validation": {
        "discrepancy": 0.0,
        "discrepancy_percent": 0.0
    }
}