{
    "costs": {
        "CO2_costs_chp_1": 0.0,
        "CO2_costs_chp_2": 0.0,
        "gas_costs": 0.0,
        "power_costs": -39344121.76,
        "hydrogen_costs": 80519855.81,
        "total": 41175734.050000004
    },
    "revenue": {
        "heat_revenue": 0.0,
        "total": 0.0
    },
    "solver_objective": 41175734.05,
    "net_total": 41175734.050000004,
    "validation": {
        "discrepancy": 0.0,
        "discrepancy_percent": 0.0
    }
}